
-- 建立教师表 
create table teacher(
tno varchar(20) not null primary key,
tname varchar(20) not null,
tsex varchar(20) not null,
tbirthday datetime,
prof varchar(20),
depart varchar(20) not null

);


-- 建立课程表course 
create table course(
cno varchar(20) not null primary key,
cname varchar(20) not null,
tno varchar(20) not null,
foreign key(tno) references teacher(tno)

);

-- 建立成绩表

CREATE TABLE score (
	sno VARCHAR (20) NOT NULL ,
	FOREIGN KEY (sno) REFERENCES student (sno),
	cno VARCHAR (20) NOT NULL,
	FOREIGN KEY (cno) REFERENCES course (cno),
	degree DECIMAL
);


-- 添加教师表
insert into teacher values('804','李诚','男','1958-12-02','副教授','计算机系');
insert into teacher values('856','张旭','男','1969-03-12','讲师','电子工程系');
insert into teacher values('825','王萍','女','1972-05-05','助教','计算机系');
insert into teacher values('831','刘冰','女','1977-08-14','助教','电子工程系');


-- 添加课程表
insert into course values('3-105','计算机导论','825');
insert into course values('3-245','操作系统','804');
insert into course values('6-166','数字电路','856');
insert into course values('9-888','高等数学','831');


-- 添加成绩表
insert into score values('103','3-245','86');
insert into score values('105','3-245','75');
insert into score values('109','3-245','68');
insert into score values('103','3-105','92');
insert into score values('105','3-105','88');
insert into score values('109','3-105','76');
insert into score values('103','3-105','64');
insert into score values('105','3-105','91');
insert into score values('109','3-105','78');
insert into score values('103','6-166','85');
insert into score values('105','6-166','79');
insert into score values('109','6-166','81');